{"ALUNO":[],"CURSO":[{"nome":"Sistema da informacao","descricao":"TI","idProfessor":1,"aulas":[{"nome":"Angular 2.0 ","duracao":120,"idCurso":1,"topicos":["UX"],"id":2}],"id":1}],"USUARIO":[{"nome":"Professor 1","email":"prof1@email.com","senha":"$2a$08$hUj.5XlqNyThl3VNEPutuOlIUr3E679N2kknERMGeR6mMOi5awmCi","tipo":1,"id":1},{"nome":"Aluno 1","formacao":"Sistema de Informacao","idade":20,"email":"aluno1@email.com","senha":"$2a$08$sAOwIV9t8U5YK.R8g2Zj7.hZd12pCQJSS20N36QqCHkZ9kNGT1Olm","tipo":2,"id":3,"cursos":[]},{"nome":"Aluno 2","formacao":"Sistema de Informacao","idade":29,"email":"aluno321@email.com","senha":"$2a$08$A4EXwfR9ENSCvLfIInCmYOeFHeYArO4bcn3SrvQmdpkUzNtWkTVeq","tipo":2,"id":4,"cursos":[]}]}